dataset,seed_index,implementation,compression_ratio,memory_bytes
small,0,Conventional,1,6498
small,0,Interned,1.0656,6098
small,0,BudgetSym,1.61081,4034
small,1,Conventional,1,6514
small,1,Interned,1.06542,6114
small,1,BudgetSym,1.64745,3954
small,2,Conventional,1,6454
small,2,Interned,1.06607,6054
small,2,BudgetSym,1.6677,3870
small,3,Conventional,1,6473
small,3,Interned,1.06587,6073
small,3,BudgetSym,1.68524,3841
small,4,Conventional,1,6468
small,4,Interned,1.06592,6068
small,4,BudgetSym,1.67565,3860
small,5,Conventional,1,6493
small,5,Interned,1.06565,6093
small,5,BudgetSym,1.66104,3909
small,6,Conventional,1,6459
small,6,Interned,1.06602,6059
small,6,BudgetSym,1.66684,3875
small,7,Conventional,1,6491
small,7,Interned,1.06567,6091
small,7,BudgetSym,1.65123,3931
small,8,Conventional,1,6499
small,8,Interned,1.06558,6099
small,8,BudgetSym,1.63005,3987
small,9,Conventional,1,6495
small,9,Interned,1.06563,6095
small,9,BudgetSym,1.6607,3911
small,10,Conventional,1,6509
small,10,Interned,1.06548,6109
small,10,BudgetSym,1.59966,4069
small,11,Conventional,1,6490
small,11,Interned,1.06568,6090
small,11,BudgetSym,1.6514,3930
small,12,Conventional,1,6495
small,12,Interned,1.06563,6095
small,12,BudgetSym,1.71327,3791
small,13,Conventional,1,6518
small,13,Interned,1.06538,6118
small,13,BudgetSym,1.62706,4006
small,14,Conventional,1,6489
small,14,Interned,1.06569,6089
small,14,BudgetSym,1.64154,3953
small,15,Conventional,1,6487
small,15,Interned,1.06571,6087
small,15,BudgetSym,1.67234,3879
small,16,Conventional,1,6540
small,16,Interned,1.06515,6140
small,16,BudgetSym,1.61402,4052
small,17,Conventional,1,6482
small,17,Interned,1.06577,6082
small,17,BudgetSym,1.6629,3898
small,18,Conventional,1,6514
small,18,Interned,1.06542,6114
small,18,BudgetSym,1.5803,4122
small,19,Conventional,1,6516
small,19,Interned,1.0654,6116
small,19,BudgetSym,1.66735,3908
small,20,Conventional,1,6493
small,20,Interned,1.06565,6093
small,20,BudgetSym,1.6509,3933
small,21,Conventional,1,6459
small,21,Interned,1.06602,6059
small,21,BudgetSym,1.6984,3803
small,22,Conventional,1,6447
small,22,Interned,1.06615,6047
small,22,BudgetSym,1.71144,3767
small,23,Conventional,1,6531
small,23,Interned,1.06524,6131
small,23,BudgetSym,1.59643,4091
small,24,Conventional,1,6544
small,24,Interned,1.0651,6144
small,24,BudgetSym,1.58527,4128
small,25,Conventional,1,6515
small,25,Interned,1.06541,6115
small,25,BudgetSym,1.59877,4075
small,26,Conventional,1,6512
small,26,Interned,1.06545,6112
small,26,BudgetSym,1.628,4000
small,27,Conventional,1,6500
small,27,Interned,1.06557,6100
small,27,BudgetSym,1.69095,3844
small,28,Conventional,1,6504
small,28,Interned,1.06553,6104
small,28,BudgetSym,1.61952,4016
small,29,Conventional,1,6526
small,29,Interned,1.0653,6126
small,29,BudgetSym,1.58783,4110
medium,0,Conventional,1,134034
medium,0,Interned,1.06347,126034
medium,0,BudgetSym,1.63325,82066
medium,1,Conventional,1,134075
medium,1,Interned,1.06345,126075
medium,1,BudgetSym,1.61593,82971
medium,2,Conventional,1,134107
medium,2,Interned,1.06344,126107
medium,2,BudgetSym,1.61475,83051
medium,3,Conventional,1,134315
medium,3,Interned,1.06333,126315
medium,3,BudgetSym,1.62682,82563
medium,4,Conventional,1,134206
medium,4,Interned,1.06339,126206
medium,4,BudgetSym,1.61123,83294
medium,5,Conventional,1,134245
medium,5,Interned,1.06337,126245
medium,5,BudgetSym,1.62735,82493
medium,6,Conventional,1,134044
medium,6,Interned,1.06347,126044
medium,6,BudgetSym,1.62841,82316
medium,7,Conventional,1,134390
medium,7,Interned,1.0633,126390
medium,7,BudgetSym,1.61453,83238
medium,8,Conventional,1,134118
medium,8,Interned,1.06343,126118
medium,8,BudgetSym,1.62406,82582
medium,9,Conventional,1,134026
medium,9,Interned,1.06348,126026
medium,9,BudgetSym,1.61957,82754
medium,10,Conventional,1,133972
medium,10,Interned,1.06351,125972
medium,10,BudgetSym,1.61857,82772
medium,11,Conventional,1,134287
medium,11,Interned,1.06335,126287
medium,11,BudgetSym,1.61343,83231
medium,12,Conventional,1,134038
medium,12,Interned,1.06347,126038
medium,12,BudgetSym,1.62798,82334
medium,13,Conventional,1,134300
medium,13,Interned,1.06334,126300
medium,13,BudgetSym,1.62269,82764
medium,14,Conventional,1,134025
medium,14,Interned,1.06348,126025
medium,14,BudgetSym,1.62429,82513
medium,15,Conventional,1,133800
medium,15,Interned,1.06359,125800
medium,15,BudgetSym,1.6365,81760
medium,16,Conventional,1,134030
medium,16,Interned,1.06348,126030
medium,16,BudgetSym,1.62804,82326
medium,17,Conventional,1,133919
medium,17,Interned,1.06353,125919
medium,17,BudgetSym,1.61849,82743
medium,18,Conventional,1,133747
medium,18,Interned,1.06362,125747
medium,18,BudgetSym,1.63499,81803
medium,19,Conventional,1,134284
medium,19,Interned,1.06335,126284
medium,19,BudgetSym,1.61345,83228
medium,20,Conventional,1,133765
medium,20,Interned,1.06361,125765
medium,20,BudgetSym,1.62295,82421
medium,21,Conventional,1,134165
medium,21,Interned,1.06341,126165
medium,21,BudgetSym,1.61994,82821
medium,22,Conventional,1,134146
medium,22,Interned,1.06342,126146
medium,22,BudgetSym,1.61587,83018
medium,23,Conventional,1,134152
medium,23,Interned,1.06342,126152
medium,23,BudgetSym,1.62192,82712
medium,24,Conventional,1,134038
medium,24,Interned,1.06347,126038
medium,24,BudgetSym,1.62325,82574
medium,25,Conventional,1,134404
medium,25,Interned,1.06329,126404
medium,25,BudgetSym,1.61349,83300
medium,26,Conventional,1,134012
medium,26,Interned,1.06349,126012
medium,26,BudgetSym,1.63055,82188
medium,27,Conventional,1,134025
medium,27,Interned,1.06348,126025
medium,27,BudgetSym,1.61583,82945
medium,28,Conventional,1,133684
medium,28,Interned,1.06365,125684
medium,28,BudgetSym,1.63404,81812
medium,29,Conventional,1,133869
medium,29,Interned,1.06356,125869
medium,29,BudgetSym,1.62453,82405
large,0,Conventional,1,1339593
large,0,Interned,1.06351,1259593
large,0,BudgetSym,1.63987,816889
large,1,Conventional,1,1341365
large,1,Interned,1.06342,1261365
large,1,BudgetSym,1.63729,819261
large,2,Conventional,1,1338965
large,2,Interned,1.06357,1258936
large,2,BudgetSym,1.6423,815301
large,3,Conventional,1,1339411
large,3,Interned,1.06352,1259411
large,3,BudgetSym,1.63775,817835
large,4,Conventional,1,1340894
large,4,Interned,1.06345,1260894
large,4,BudgetSym,1.63569,819774
large,5,Conventional,1,1340178
large,5,Interned,1.06348,1260178
large,5,BudgetSym,1.64057,816898
large,6,Conventional,1,1339102
large,6,Interned,1.06354,1259102
large,6,BudgetSym,1.63804,817502
large,7,Conventional,1,1339433
large,7,Interned,1.06352,1259433
large,7,BudgetSym,1.64067,816393
large,8,Conventional,1,1340010
large,8,Interned,1.06349,1260010
large,8,BudgetSym,1.63844,817858
large,9,Conventional,1,1340097
large,9,Interned,1.06349,1260097
large,9,BudgetSym,1.63396,820153
large,10,Conventional,1,1341068
large,10,Interned,1.06344,1261068
large,10,BudgetSym,1.63661,819420
large,11,Conventional,1,1341438
large,11,Interned,1.06344,1261409
large,11,BudgetSym,1.63819,818854
large,12,Conventional,1,1340733
large,12,Interned,1.06346,1260733
large,12,BudgetSym,1.63922,817909
large,13,Conventional,1,1340021
large,13,Interned,1.06349,1260021
large,13,BudgetSym,1.64031,816933
large,14,Conventional,1,1339595
large,14,Interned,1.06351,1259595
large,14,BudgetSym,1.64074,816459
large,15,Conventional,1,1341011
large,15,Interned,1.06344,1261011
large,15,BudgetSym,1.63564,819867
large,16,Conventional,1,1340301
large,16,Interned,1.06348,1260301
large,16,BudgetSym,1.63855,817981
large,17,Conventional,1,1340139
large,17,Interned,1.06351,1260110
large,17,BudgetSym,1.63728,818515
large,18,Conventional,1,1339344
large,18,Interned,1.06355,1259315
large,18,BudgetSym,1.64074,816304
large,19,Conventional,1,1341275
large,19,Interned,1.06343,1261275
large,19,BudgetSym,1.63601,819845
large,20,Conventional,1,1339270
large,20,Interned,1.06353,1259270
large,20,BudgetSym,1.63878,817238
large,21,Conventional,1,1340006
large,21,Interned,1.06349,1260006
large,21,BudgetSym,1.63892,817614
large,22,Conventional,1,1340501
large,22,Interned,1.06349,1260472
large,22,BudgetSym,1.63724,818757
large,23,Conventional,1,1340687
large,23,Interned,1.06346,1260687
large,23,BudgetSym,1.63743,818775
large,24,Conventional,1,1340339
large,24,Interned,1.06347,1260339
large,24,BudgetSym,1.63645,819051
large,25,Conventional,1,1339561
large,25,Interned,1.06351,1259561
large,25,BudgetSym,1.64163,815993
large,26,Conventional,1,1340721
large,26,Interned,1.06346,1260721
large,26,BudgetSym,1.64024,817393
large,27,Conventional,1,1339812
large,27,Interned,1.06353,1259783
large,27,BudgetSym,1.63749,818212
large,28,Conventional,1,1340676
large,28,Interned,1.06346,1260676
large,28,BudgetSym,1.6371,818932
large,29,Conventional,1,1340166
large,29,Interned,1.06348,1260166
large,29,BudgetSym,1.64015,817102
high-prefix-similarity,0,Conventional,1,168400
high-prefix-similarity,0,Interned,1.04988,160400
high-prefix-similarity,0,BudgetSym,2.36783,71120
high-prefix-similarity,1,Conventional,1,168522
high-prefix-similarity,1,Interned,1.04984,160522
high-prefix-similarity,1,BudgetSym,2.37018,71101
high-prefix-similarity,2,Conventional,1,169046
high-prefix-similarity,2,Interned,1.04968,161046
high-prefix-similarity,2,BudgetSym,2.37534,71167
high-prefix-similarity,3,Conventional,1,168734
high-prefix-similarity,3,Interned,1.04977,160734
high-prefix-similarity,3,BudgetSym,2.37152,71150
high-prefix-similarity,4,Conventional,1,168778
high-prefix-similarity,4,Interned,1.04976,160778
high-prefix-similarity,4,BudgetSym,2.37241,71142
high-prefix-similarity,5,Conventional,1,168800
high-prefix-similarity,5,Interned,1.04975,160800
high-prefix-similarity,5,BudgetSym,2.37322,71127
high-prefix-similarity,6,Conventional,1,168800
high-prefix-similarity,6,Interned,1.04975,160800
high-prefix-similarity,6,BudgetSym,2.37325,71126
high-prefix-similarity,7,Conventional,1,169171
high-prefix-similarity,7,Interned,1.04964,161171
high-prefix-similarity,7,BudgetSym,2.37653,71184
high-prefix-similarity,8,Conventional,1,168400
high-prefix-similarity,8,Interned,1.04988,160400
high-prefix-similarity,8,BudgetSym,2.36896,71086
high-prefix-similarity,9,Conventional,1,168400
high-prefix-similarity,9,Interned,1.04988,160400
high-prefix-similarity,9,BudgetSym,2.3686,71097
high-prefix-similarity,10,Conventional,1,169147
high-prefix-similarity,10,Interned,1.04964,161147
high-prefix-similarity,10,BudgetSym,2.37599,71190
high-prefix-similarity,11,Conventional,1,168547
high-prefix-similarity,11,Interned,1.04983,160547
high-prefix-similarity,11,BudgetSym,2.3701,71114
high-prefix-similarity,12,Conventional,1,168800
high-prefix-similarity,12,Interned,1.04975,160800
high-prefix-similarity,12,BudgetSym,2.37332,71124
high-prefix-similarity,13,Conventional,1,168623
high-prefix-similarity,13,Interned,1.04981,160623
high-prefix-similarity,13,BudgetSym,2.37076,71126
high-prefix-similarity,14,Conventional,1,168848
high-prefix-similarity,14,Interned,1.04974,160848
high-prefix-similarity,14,BudgetSym,2.37256,71167
high-prefix-similarity,15,Conventional,1,168800
high-prefix-similarity,15,Interned,1.04975,160800
high-prefix-similarity,15,BudgetSym,2.37282,71139
high-prefix-similarity,16,Conventional,1,168663
high-prefix-similarity,16,Interned,1.04979,160663
high-prefix-similarity,16,BudgetSym,2.37189,71109
high-prefix-similarity,17,Conventional,1,168400
high-prefix-similarity,17,Interned,1.04988,160400
high-prefix-similarity,17,BudgetSym,2.36886,71089
high-prefix-similarity,18,Conventional,1,168549
high-prefix-similarity,18,Interned,1.04983,160549
high-prefix-similarity,18,BudgetSym,2.37056,71101
high-prefix-similarity,19,Conventional,1,168518
high-prefix-similarity,19,Interned,1.04984,160518
high-prefix-similarity,19,BudgetSym,2.37025,71097
high-prefix-similarity,20,Conventional,1,168658
high-prefix-similarity,20,Interned,1.0498,160658
high-prefix-similarity,20,BudgetSym,2.37072,71142
high-prefix-similarity,21,Conventional,1,168323
high-prefix-similarity,21,Interned,1.0499,160323
high-prefix-similarity,21,BudgetSym,2.36745,71099
high-prefix-similarity,22,Conventional,1,168400
high-prefix-similarity,22,Interned,1.04988,160400
high-prefix-similarity,22,BudgetSym,2.36866,71095
high-prefix-similarity,23,Conventional,1,168800
high-prefix-similarity,23,Interned,1.04975,160800
high-prefix-similarity,23,BudgetSym,2.37259,71146
high-prefix-similarity,24,Conventional,1,169177
high-prefix-similarity,24,Interned,1.04963,161177
high-prefix-similarity,24,BudgetSym,2.37635,71192
high-prefix-similarity,25,Conventional,1,168619
high-prefix-similarity,25,Interned,1.04981,160619
high-prefix-similarity,25,BudgetSym,2.37134,71107
high-prefix-similarity,26,Conventional,1,169012
high-prefix-similarity,26,Interned,1.04969,161012
high-prefix-similarity,26,BudgetSym,2.37426,71185
high-prefix-similarity,27,Conventional,1,168463
high-prefix-similarity,27,Interned,1.04986,160463
high-prefix-similarity,27,BudgetSym,2.36991,71084
high-prefix-similarity,28,Conventional,1,168400
high-prefix-similarity,28,Interned,1.04988,160400
high-prefix-similarity,28,BudgetSym,2.3683,71106
high-prefix-similarity,29,Conventional,1,168781
high-prefix-similarity,29,Interned,1.04976,160781
high-prefix-similarity,29,BudgetSym,2.37222,71149
random-identifiers,0,Conventional,1,140981
random-identifiers,0,Interned,1.06016,132981
random-identifiers,0,BudgetSym,1.34057,105165
random-identifiers,1,Conventional,1,141091
random-identifiers,1,Interned,1.06011,133091
random-identifiers,1,BudgetSym,1.34328,105035
random-identifiers,2,Conventional,1,140654
random-identifiers,2,Interned,1.06031,132654
random-identifiers,2,BudgetSym,1.34533,104550
random-identifiers,3,Conventional,1,141046
random-identifiers,3,Interned,1.06013,133046
random-identifiers,3,BudgetSym,1.34619,104774
random-identifiers,4,Conventional,1,140945
random-identifiers,4,Interned,1.06018,132945
random-identifiers,4,BudgetSym,1.34529,104769
random-identifiers,5,Conventional,1,140975
random-identifiers,5,Interned,1.06016,132975
random-identifiers,5,BudgetSym,1.35014,104415
random-identifiers,6,Conventional,1,141142
random-identifiers,6,Interned,1.06009,133142
random-identifiers,6,BudgetSym,1.3425,105134
random-identifiers,7,Conventional,1,140915
random-identifiers,7,Interned,1.06019,132915
random-identifiers,7,BudgetSym,1.34385,104859
random-identifiers,8,Conventional,1,140686
random-identifiers,8,Interned,1.06029,132686
random-identifiers,8,BudgetSym,1.35049,104174
random-identifiers,9,Conventional,1,141012
random-identifiers,9,Interned,1.06014,133012
random-identifiers,9,BudgetSym,1.35033,104428
random-identifiers,10,Conventional,1,141128
random-identifiers,10,Interned,1.06009,133128
random-identifiers,10,BudgetSym,1.34285,105096
random-identifiers,11,Conventional,1,141315
random-identifiers,11,Interned,1.06001,133315
random-identifiers,11,BudgetSym,1.33222,106075
random-identifiers,12,Conventional,1,141431
random-identifiers,12,Interned,1.05996,133431
random-identifiers,12,BudgetSym,1.33185,106191
random-identifiers,13,Conventional,1,140617
random-identifiers,13,Interned,1.06032,132617
random-identifiers,13,BudgetSym,1.34391,104633
random-identifiers,14,Conventional,1,141040
random-identifiers,14,Interned,1.06013,133040
random-identifiers,14,BudgetSym,1.34007,105248
random-identifiers,15,Conventional,1,140901
random-identifiers,15,Interned,1.0602,132901
random-identifiers,15,BudgetSym,1.34144,105037
random-identifiers,16,Conventional,1,141078
random-identifiers,16,Interned,1.06012,133078
random-identifiers,16,BudgetSym,1.33721,105502
random-identifiers,17,Conventional,1,140964
random-identifiers,17,Interned,1.06017,132964
random-identifiers,17,BudgetSym,1.34032,105172
random-identifiers,18,Conventional,1,141345
random-identifiers,18,Interned,1.05999,133345
random-identifiers,18,BudgetSym,1.33605,105793
random-identifiers,19,Conventional,1,141479
random-identifiers,19,Interned,1.05993,133479
random-identifiers,19,BudgetSym,1.33381,106071
random-identifiers,20,Conventional,1,141132
random-identifiers,20,Interned,1.06009,133132
random-identifiers,20,BudgetSym,1.33552,105676
random-identifiers,21,Conventional,1,141197
random-identifiers,21,Interned,1.06006,133197
random-identifiers,21,BudgetSym,1.33683,105621
random-identifiers,22,Conventional,1,141270
random-identifiers,22,Interned,1.06003,133270
random-identifiers,22,BudgetSym,1.34025,105406
random-identifiers,23,Conventional,1,140595
random-identifiers,23,Interned,1.06033,132595
random-identifiers,23,BudgetSym,1.35298,103915
random-identifiers,24,Conventional,1,141700
random-identifiers,24,Interned,1.05984,133700
random-identifiers,24,BudgetSym,1.32802,106700
random-identifiers,25,Conventional,1,141522
random-identifiers,25,Interned,1.05992,133522
random-identifiers,25,BudgetSym,1.32977,106426
random-identifiers,26,Conventional,1,140731
random-identifiers,26,Interned,1.06027,132731
random-identifiers,26,BudgetSym,1.35408,103931
random-identifiers,27,Conventional,1,141321
random-identifiers,27,Interned,1.06001,133321
random-identifiers,27,BudgetSym,1.3331,106009
random-identifiers,28,Conventional,1,141444
random-identifiers,28,Interned,1.05995,133444
random-identifiers,28,BudgetSym,1.33181,106204
random-identifiers,29,Conventional,1,141381
random-identifiers,29,Interned,1.0602,133353
random-identifiers,29,BudgetSym,1.32871,106405
nested-scopes,0,Conventional,1,71621
nested-scopes,0,Interned,1.05915,67621
nested-scopes,0,BudgetSym,1.83997,38925
nested-scopes,1,Conventional,1,71684
nested-scopes,1,Interned,1.0591,67684
nested-scopes,1,BudgetSym,1.83881,38984
nested-scopes,2,Conventional,1,71735
nested-scopes,2,Interned,1.05905,67735
nested-scopes,2,BudgetSym,1.83747,39040
nested-scopes,3,Conventional,1,71918
nested-scopes,3,Interned,1.05889,67918
nested-scopes,3,BudgetSym,1.83347,39225
nested-scopes,4,Conventional,1,71729
nested-scopes,4,Interned,1.05906,67729
nested-scopes,4,BudgetSym,1.83798,39026
nested-scopes,5,Conventional,1,71819
nested-scopes,5,Interned,1.05898,67819
nested-scopes,5,BudgetSym,1.8361,39115
nested-scopes,6,Conventional,1,71694
nested-scopes,6,Interned,1.05909,67694
nested-scopes,6,BudgetSym,1.83831,39000
nested-scopes,7,Conventional,1,71775
nested-scopes,7,Interned,1.05902,67775
nested-scopes,7,BudgetSym,1.83765,39058
nested-scopes,8,Conventional,1,71700
nested-scopes,8,Interned,1.05908,67700
nested-scopes,8,BudgetSym,1.83851,38999
nested-scopes,9,Conventional,1,71809
nested-scopes,9,Interned,1.05899,67809
nested-scopes,9,BudgetSym,1.83617,39108
nested-scopes,10,Conventional,1,71705
nested-scopes,10,Interned,1.05908,67705
nested-scopes,10,BudgetSym,1.8384,39004
nested-scopes,11,Conventional,1,71741
nested-scopes,11,Interned,1.05905,67741
nested-scopes,11,BudgetSym,1.83739,39045
nested-scopes,12,Conventional,1,71511
nested-scopes,12,Interned,1.05925,67511
nested-scopes,12,BudgetSym,1.84364,38788
nested-scopes,13,Conventional,1,71657
nested-scopes,13,Interned,1.05912,67657
nested-scopes,13,BudgetSym,1.84071,38929
nested-scopes,14,Conventional,1,71769
nested-scopes,14,Interned,1.05902,67769
nested-scopes,14,BudgetSym,1.83675,39074
nested-scopes,15,Conventional,1,71869
nested-scopes,15,Interned,1.05894,67869
nested-scopes,15,BudgetSym,1.83447,39177
nested-scopes,16,Conventional,1,71727
nested-scopes,16,Interned,1.05906,67727
nested-scopes,16,BudgetSym,1.83765,39032
nested-scopes,17,Conventional,1,71672
nested-scopes,17,Interned,1.05911,67672
nested-scopes,17,BudgetSym,1.84034,38945
nested-scopes,18,Conventional,1,71720
nested-scopes,18,Interned,1.05907,67720
nested-scopes,18,BudgetSym,1.8378,39025
nested-scopes,19,Conventional,1,71780
nested-scopes,19,Interned,1.05901,67780
nested-scopes,19,BudgetSym,1.83684,39078
nested-scopes,20,Conventional,1,71722
nested-scopes,20,Interned,1.05907,67722
nested-scopes,20,BudgetSym,1.83775,39027
nested-scopes,21,Conventional,1,71748
nested-scopes,21,Interned,1.05904,67748
nested-scopes,21,BudgetSym,1.83729,39051
nested-scopes,22,Conventional,1,71726
nested-scopes,22,Interned,1.05906,67726
nested-scopes,22,BudgetSym,1.83795,39025
nested-scopes,23,Conventional,1,71738
nested-scopes,23,Interned,1.05905,67738
nested-scopes,23,BudgetSym,1.83788,39033
nested-scopes,24,Conventional,1,71697
nested-scopes,24,Interned,1.05909,67697
nested-scopes,24,BudgetSym,1.83871,38993
nested-scopes,25,Conventional,1,71753
nested-scopes,25,Interned,1.05904,67753
nested-scopes,25,BudgetSym,1.83779,39043
nested-scopes,26,Conventional,1,71816
nested-scopes,26,Interned,1.05898,67816
nested-scopes,26,BudgetSym,1.83574,39121
nested-scopes,27,Conventional,1,71792
nested-scopes,27,Interned,1.059,67792
nested-scopes,27,BudgetSym,1.83649,39092
nested-scopes,28,Conventional,1,71897
nested-scopes,28,Interned,1.05891,67897
nested-scopes,28,BudgetSym,1.83443,39193
nested-scopes,29,Conventional,1,71740
nested-scopes,29,Interned,1.05905,67740
nested-scopes,29,BudgetSym,1.83798,39032
hot-cold-access,0,Conventional,1,107025
hot-cold-access,0,Interned,1.05939,101025
hot-cold-access,0,BudgetSym,1.61973,66076
hot-cold-access,1,Conventional,1,106940
hot-cold-access,1,Interned,1.05944,100940
hot-cold-access,1,BudgetSym,1.63848,65268
hot-cold-access,2,Conventional,1,106825
hot-cold-access,2,Interned,1.05951,100825
hot-cold-access,2,BudgetSym,1.62858,65594
hot-cold-access,3,Conventional,1,106900
hot-cold-access,3,Interned,1.05946,100900
hot-cold-access,3,BudgetSym,1.62662,65719
hot-cold-access,4,Conventional,1,107054
hot-cold-access,4,Interned,1.05937,101054
hot-cold-access,4,BudgetSym,1.61518,66280
hot-cold-access,5,Conventional,1,107118
hot-cold-access,5,Interned,1.05934,101118
hot-cold-access,5,BudgetSym,1.61854,66182
hot-cold-access,6,Conventional,1,106920
hot-cold-access,6,Interned,1.05945,100920
hot-cold-access,6,BudgetSym,1.62283,65885
hot-cold-access,7,Conventional,1,106976
hot-cold-access,7,Interned,1.05942,100976
hot-cold-access,7,BudgetSym,1.63058,65606
hot-cold-access,8,Conventional,1,106754
hot-cold-access,8,Interned,1.05955,100754
hot-cold-access,8,BudgetSym,1.63502,65292
hot-cold-access,9,Conventional,1,106744
hot-cold-access,9,Interned,1.05956,100744
hot-cold-access,9,BudgetSym,1.63095,65449
hot-cold-access,10,Conventional,1,107044
hot-cold-access,10,Interned,1.05938,101044
hot-cold-access,10,BudgetSym,1.6252,65865
hot-cold-access,11,Conventional,1,106990
hot-cold-access,11,Interned,1.05941,100990
hot-cold-access,11,BudgetSym,1.62505,65838
hot-cold-access,12,Conventional,1,107039
hot-cold-access,12,Interned,1.05938,101039
hot-cold-access,12,BudgetSym,1.62849,65729
hot-cold-access,13,Conventional,1,106895
hot-cold-access,13,Interned,1.05947,100895
hot-cold-access,13,BudgetSym,1.62907,65617
hot-cold-access,14,Conventional,1,107248
hot-cold-access,14,Interned,1.05926,101248
hot-cold-access,14,BudgetSym,1.61299,66490
hot-cold-access,15,Conventional,1,107026
hot-cold-access,15,Interned,1.05939,101026
hot-cold-access,15,BudgetSym,1.6306,65636
hot-cold-access,16,Conventional,1,107036
hot-cold-access,16,Interned,1.05938,101036
hot-cold-access,16,BudgetSym,1.63035,65652
hot-cold-access,17,Conventional,1,106982
hot-cold-access,17,Interned,1.05942,100982
hot-cold-access,17,BudgetSym,1.60786,66537
hot-cold-access,18,Conventional,1,107002
hot-cold-access,18,Interned,1.0594,101002
hot-cold-access,18,BudgetSym,1.62944,65668
hot-cold-access,19,Conventional,1,106849
hot-cold-access,19,Interned,1.05949,100849
hot-cold-access,19,BudgetSym,1.62523,65744
hot-cold-access,20,Conventional,1,106941
hot-cold-access,20,Interned,1.05944,100941
hot-cold-access,20,BudgetSym,1.63857,65265
hot-cold-access,21,Conventional,1,106931
hot-cold-access,21,Interned,1.05945,100931
hot-cold-access,21,BudgetSym,1.63136,65547
hot-cold-access,22,Conventional,1,107146
hot-cold-access,22,Interned,1.05932,101146
hot-cold-access,22,BudgetSym,1.62828,65803
hot-cold-access,23,Conventional,1,107116
hot-cold-access,23,Interned,1.05934,101116
hot-cold-access,23,BudgetSym,1.6147,66338
hot-cold-access,24,Conventional,1,107122
hot-cold-access,24,Interned,1.05933,101122
hot-cold-access,24,BudgetSym,1.61428,66359
hot-cold-access,25,Conventional,1,107045
hot-cold-access,25,Interned,1.05938,101045
hot-cold-access,25,BudgetSym,1.6328,65559
hot-cold-access,26,Conventional,1,107017
hot-cold-access,26,Interned,1.0594,101017
hot-cold-access,26,BudgetSym,1.62127,66008
hot-cold-access,27,Conventional,1,107033
hot-cold-access,27,Interned,1.05939,101033
hot-cold-access,27,BudgetSym,1.62625,65816
hot-cold-access,28,Conventional,1,107251
hot-cold-access,28,Interned,1.05926,101251
hot-cold-access,28,BudgetSym,1.61035,66601
hot-cold-access,29,Conventional,1,106975
hot-cold-access,29,Interned,1.05942,100975
hot-cold-access,29,BudgetSym,1.62167,65966
memory-stress,0,Conventional,1,119251
memory-stress,0,Interned,1.05298,113251
memory-stress,0,BudgetSym,1.44991,82247
memory-stress,1,Conventional,1,119444
memory-stress,1,Interned,1.05289,113444
memory-stress,1,BudgetSym,1.4484,82466
memory-stress,2,Conventional,1,119406
memory-stress,2,Interned,1.05291,113406
memory-stress,2,BudgetSym,1.44831,82445
memory-stress,3,Conventional,1,119341
memory-stress,3,Interned,1.05294,113341
memory-stress,3,BudgetSym,1.44949,82333
memory-stress,4,Conventional,1,119259
memory-stress,4,Interned,1.05298,113259
memory-stress,4,BudgetSym,1.44971,82264
memory-stress,5,Conventional,1,119300
memory-stress,5,Interned,1.05296,113300
memory-stress,5,BudgetSym,1.44966,82295
memory-stress,6,Conventional,1,119304
memory-stress,6,Interned,1.05295,113304
memory-stress,6,BudgetSym,1.44952,82306
memory-stress,7,Conventional,1,118957
memory-stress,7,Interned,1.05312,112957
memory-stress,7,BudgetSym,1.45156,81951
memory-stress,8,Conventional,1,119203
memory-stress,8,Interned,1.053,113203
memory-stress,8,BudgetSym,1.44975,82223
memory-stress,9,Conventional,1,119524
memory-stress,9,Interned,1.05285,113524
memory-stress,9,BudgetSym,1.44783,82554
memory-stress,10,Conventional,1,119075
memory-stress,10,Interned,1.05306,113075
memory-stress,10,BudgetSym,1.45077,82077
memory-stress,11,Conventional,1,119027
memory-stress,11,Interned,1.05308,113027
memory-stress,11,BudgetSym,1.45031,82070
memory-stress,12,Conventional,1,119490
memory-stress,12,Interned,1.05287,113490
memory-stress,12,BudgetSym,1.44798,82522
memory-stress,13,Conventional,1,119103
memory-stress,13,Interned,1.05305,113103
memory-stress,13,BudgetSym,1.45032,82122
memory-stress,14,Conventional,1,119194
memory-stress,14,Interned,1.05301,113194
memory-stress,14,BudgetSym,1.45014,82195
memory-stress,15,Conventional,1,119321
memory-stress,15,Interned,1.05295,113321
memory-stress,15,BudgetSym,1.44849,82376
memory-stress,16,Conventional,1,119374
memory-stress,16,Interned,1.05292,113374
memory-stress,16,BudgetSym,1.4484,82418
memory-stress,17,Conventional,1,119465
memory-stress,17,Interned,1.05288,113465
memory-stress,17,BudgetSym,1.44824,82490
memory-stress,18,Conventional,1,119370
memory-stress,18,Interned,1.05292,113370
memory-stress,18,BudgetSym,1.44884,82390
memory-stress,19,Conventional,1,119354
memory-stress,19,Interned,1.05293,113354
memory-stress,19,BudgetSym,1.44923,82357
memory-stress,20,Conventional,1,119284
memory-stress,20,Interned,1.05296,113284
memory-stress,20,BudgetSym,1.4489,82327
memory-stress,21,Conventional,1,119404
memory-stress,21,Interned,1.05291,113404
memory-stress,21,BudgetSym,1.44864,82425
memory-stress,22,Conventional,1,119046
memory-stress,22,Interned,1.05308,113046
memory-stress,22,BudgetSym,1.45081,82055
memory-stress,23,Conventional,1,119499
memory-stress,23,Interned,1.05286,113499
memory-stress,23,BudgetSym,1.44882,82480
memory-stress,24,Conventional,1,119519
memory-stress,24,Interned,1.05285,113519
memory-stress,24,BudgetSym,1.44833,82522
memory-stress,25,Conventional,1,119149
memory-stress,25,Interned,1.05303,113149
memory-stress,25,BudgetSym,1.44948,82201
memory-stress,26,Conventional,1,119210
memory-stress,26,Interned,1.053,113210
memory-stress,26,BudgetSym,1.4497,82231
memory-stress,27,Conventional,1,119212
memory-stress,27,Interned,1.053,113212
memory-stress,27,BudgetSym,1.4497,82232
memory-stress,28,Conventional,1,119083
memory-stress,28,Interned,1.05306,113083
memory-stress,28,BudgetSym,1.4503,82109
memory-stress,29,Conventional,1,119243
memory-stress,29,Interned,1.05298,113243
memory-stress,29,BudgetSym,1.44915,82285
